Comment,Designator,Footprint,LCSC,Quantity
INA219AIDR,"U10,U5,U6",SOIC-8_3.9x4.9mm_P1.27mm,C138706,3
1.2uH,L5,L_0805_2012Metric_Pad1.05x1.20mm_HandSolder,C139219,1
100uF,"C12,C13,C14,C15,C16,C17,C18,C19,C20,C21,C22,C24,C25,C36,C37,C38,C39",C_1206_3216Metric_Pad1.33x1.80mm_HandSolder,C15008,17
PMOS,"Q2,Q5,Q7",SOT-23_Handsoldering,C15127,3
0.1uF,"C26,C7",C_0402_1005Metric_Pad0.74x0.62mm_HandSolder,C1525,2
10μ,"C2,C23,C4",C_0805_2012Metric_Pad1.18x1.45mm_HandSolder,C15850,3
1nF,C33,C_0603_1608Metric_Pad1.08x0.95mm_HandSolder,C1588,1
47nF,C35,C_0603_1608Metric_Pad1.08x0.95mm_HandSolder,C1622,1
TP4056-42-ESOP8,U8,SOIC127P600X175-9N,C16581,1
150K,R25,R_0805_2012Metric_Pad1.20x1.40mm_HandSolder,C17470,1
2.7k,R16,R_0805_2012Metric_Pad1.20x1.40mm_HandSolder,C17530,1
47K,R26,R_0805_2012Metric_Pad1.20x1.40mm_HandSolder,C17713,1
10k,"R19,R6,R7,R8,R9",R_0805_2012Metric_Pad1.20x1.40mm_HandSolder,C17902,5
1,"R1,R2",R_1206_3216Metric_Pad1.30x1.75mm_HandSolder,C17928,2
AO3400A,"Q3,Q4,Q6",SOT-23-3,C20917,3
1k,R18,R_0603_1608Metric_Pad0.98x0.95mm_HandSolder,C21190,1
HUSB237,J3,DFN-6-1EP_2x2mm_P0.65mm_EP1x1.6mm,C22373734,1
NMOS,Q1,SOT-23,C22446827,1
220K,R22,R_0603_1608Metric_Pad0.98x0.95mm_HandSolder,C22961,1
220,"R10,R12",R_0603_1608Metric_Pad0.98x0.95mm_HandSolder,C22962,2
390,R15,R_0603_1608Metric_Pad0.98x0.95mm_HandSolder,C23151,1
68K,R23,R_0603_1608Metric_Pad0.98x0.95mm_HandSolder,C23231,1
75k,R17,R_1206_3216Metric_Pad1.30x1.75mm_HandSolder,C23242,1
0.4,"R3,R4",R_1206_3216Metric_Pad1.30x1.75mm_HandSolder,C247521,2
100K,R24,R_0402_1005Metric_Pad0.72x0.64mm_HandSolder,C25741,1
5.1k,R14,R_0805_2012Metric_Pad1.20x1.40mm_HandSolder,C27834,1
SW_SPDT,SW1,Untitled,C2887259,1
22uH,"L1,L2",L_0603_1608Metric_Pad1.05x0.95mm_HandSolder,C361669,2
0.05,R5,R_1206_3216Metric_Pad1.30x1.75mm_HandSolder,C375525,1
33K,R20,R_0603_1608Metric_Pad0.98x0.95mm_HandSolder,C4216,1
54-00285,J2,USB_C_Receptacle_HRO_TYPE-C-31-M-17,C456012,1
22uF,"C29,C30,C31",C_0805_2012Metric_Pad1.18x1.45mm_HandSolder,C45783,3
2.2μ,"C1,C6",C_1210_3225Metric_Pad1.33x2.70mm_HandSolder,C50254,2
Primary motors,"U1,U2",HTSSOP-16-1EP_4.4x5mm_P0.65mm_EP3.4x5mm_Mask2.46x2.31mm,C50506,2
10n,"C3,C5",C_0603_1608Metric_Pad1.08x0.95mm_HandSolder,C57112,2
XL1509-3.3,"U4,U7",SOIC-8_3.9x4.9mm_P1.27mm,C61063,2
D_Schottky,"D1,D2",D_SOD-123,C727113,2
TPS61088RHLR,U9,TPS61088RHLR,C87357,1
1M,R13,R_1206_3216Metric_Pad1.30x1.75mm_HandSolder,,1
1M,R11,R_1206_3216Metric_Pad1.30x1.75mm_HandSolder,,1
