Designator,Val,Package,Mid X,Mid Y,Rotation,Layer
C1,2.2μ,C_1210_3225Metric_Pad1.33x2.70mm_HandSolder,127.0,-93.4625,-90.0,top
C12,100uF,C_1206_3216Metric_Pad1.33x1.80mm_HandSolder,178.9375,-63.5447,0.0,top
C13,100uF,C_1206_3216Metric_Pad1.33x1.80mm_HandSolder,178.9375,-66.4447,0.0,top
C14,100uF,C_1206_3216Metric_Pad1.33x1.80mm_HandSolder,178.9375,-69.4447,0.0,top
C15,100uF,C_1206_3216Metric_Pad1.33x1.80mm_HandSolder,179.0,-72.4447,0.0,top
C16,100uF,C_1206_3216Metric_Pad1.33x1.80mm_HandSolder,178.9375,-75.4447,0.0,top
C17,100uF,C_1206_3216Metric_Pad1.33x1.80mm_HandSolder,132.15,-65.4375,90.0,top
C18,100uF,C_1206_3216Metric_Pad1.33x1.80mm_HandSolder,135.5,-65.4375,90.0,top
C19,100uF,C_1206_3216Metric_Pad1.33x1.80mm_HandSolder,141.7625,-63.65,0.0,top
C2,10μ,C_0805_2012Metric_Pad1.18x1.45mm_HandSolder,141.6375,-79.99,0.0,top
C20,100uF,C_1206_3216Metric_Pad1.33x1.80mm_HandSolder,112.1375,-63.6,0.0,top
C21,100uF,C_1206_3216Metric_Pad1.33x1.80mm_HandSolder,112.1375,-66.95,0.0,top
C22,100uF,C_1206_3216Metric_Pad1.33x1.80mm_HandSolder,112.1375,-70.3,0.0,top
C23,10uF,C_0805_2012Metric_Pad1.18x1.45mm_HandSolder,181.0,-79.9822,-90.0,top
C24,100uF,C_1206_3216Metric_Pad1.33x1.80mm_HandSolder,141.8875,-67.15,0.0,top
C25,100uF,C_1206_3216Metric_Pad1.33x1.80mm_HandSolder,141.8875,-70.5,0.0,top
C26,0.1uF,C_0402_1005Metric_Pad0.74x0.62mm_HandSolder,165.0,-79.5197,-90.0,top
C29,22uF,C_0805_2012Metric_Pad1.18x1.45mm_HandSolder,178.0,-79.9822,-90.0,top
C3,10n,C_0603_1608Metric_Pad1.08x0.95mm_HandSolder,129.8,-93.2625,-90.0,top
C30,22uF,C_0805_2012Metric_Pad1.18x1.45mm_HandSolder,175.0,-79.9822,-90.0,top
C31,22uF,C_0805_2012Metric_Pad1.18x1.45mm_HandSolder,172.0,-79.9822,-90.0,top
C33,1nF,C_0603_1608Metric_Pad1.08x0.95mm_HandSolder,169.5,-79.6572,-90.0,top
C35,47nF,C_0603_1608Metric_Pad1.08x0.95mm_HandSolder,167.0,-79.6572,-90.0,top
C36,100uF,C_1206_3216Metric_Pad1.33x1.80mm_HandSolder,187.4375,-63.9447,0.0,top
C37,100uF,C_1206_3216Metric_Pad1.33x1.80mm_HandSolder,187.4375,-66.9447,0.0,top
C38,100uF,C_1206_3216Metric_Pad1.33x1.80mm_HandSolder,187.4375,-69.9447,0.0,top
C39,100uF,C_1206_3216Metric_Pad1.33x1.80mm_HandSolder,187.4375,-72.9447,0.0,top
C4,10μ,C_0805_2012Metric_Pad1.18x1.45mm_HandSolder,141.6375,-83.0,0.0,top
C5,10n,C_0603_1608Metric_Pad1.08x0.95mm_HandSolder,141.3125,-77.0,0.0,top
C6,2.2μ,C_1206_3216Metric_Pad1.33x1.80mm_HandSolder,142.0125,-74.0,0.0,top
C7,100n,C_0402_1005Metric_Pad0.74x0.62mm_HandSolder,153.275,-97.9525,-90.0,top
D1,D_Schottky,D_SOD-123,185.85,-85.4447,0.0,top
D2,D_Schottky,D_SOD-123,112.35,-75.5,0.0,top
J1,Conn_02x16_Odd_Even,PinHeader_2x16_P2.54mm_Vertical,149.735,-114.705,90.0,bottom
J2,54-00285,USB_C_Receptacle_HRO_TYPE-C-31-M-17,176.4,-96.0423,0.0,top
J3,HUSB237,DFN-6-1EP_2x2mm_P0.65mm_EP1x1.6mm,186.95,-104.35,180.0,top
J4,Conn_01x02,JST_PH_S2B-PH-K_1x02_P2.00mm_Horizontal,140.5,-102.0,-90.0,top
L1,22uH,L_0603_1608Metric_Pad1.05x0.95mm_HandSolder,160.0,-86.5247,0.0,top
L2,22uH,L_0603_1608Metric_Pad1.05x0.95mm_HandSolder,112.125,-73.0,180.0,top
L5,1.2uH,L_0805_2012Metric_Pad1.05x1.20mm_HandSolder,159.85,-89.4447,0.0,top
Q1,NMOS,SOT-23,125.45,-64.8125,-90.0,top
Q2,NMOS,SOT-23,176.0625,-110.0,0.0,top
R1,1,R_1206_3216Metric_Pad1.30x1.75mm_HandSolder,120.5,-93.45,-90.0,top
R14,5.1k,R_0805_2012Metric_Pad1.20x1.40mm_HandSolder,112.0,-78.5,180.0,top
R15,390,R_0603_1608Metric_Pad0.98x0.95mm_HandSolder,111.9125,-81.0,0.0,top
R16,2.7k,R_0805_2012Metric_Pad1.20x1.40mm_HandSolder,122.0,-64.875,90.0,top
R17,75k,R_1206_3216Metric_Pad1.30x1.75mm_HandSolder,187.45,-100.5,0.0,top
R18,1k,R_0603_1608Metric_Pad0.98x0.95mm_HandSolder,141.5875,-85.5,0.0,top
R19,10k,R_0805_2012Metric_Pad1.20x1.40mm_HandSolder,129.0,-64.875,-90.0,top
R2,1,R_1206_3216Metric_Pad1.30x1.75mm_HandSolder,123.5,-93.45,-90.0,top
R20,33K,R_0603_1608Metric_Pad0.98x0.95mm_HandSolder,161.5,-81.9447,180.0,top
R22,220K,R_0603_1608Metric_Pad0.98x0.95mm_HandSolder,161.515,-79.4447,180.0,top
R23,68K,R_0603_1608Metric_Pad0.98x0.95mm_HandSolder,161.5,-76.9447,180.0,top
R24,100K,R_0402_1005Metric_Pad0.72x0.64mm_HandSolder,161.5975,-83.9447,180.0,top
R25,150K,R_0805_2012Metric_Pad1.20x1.40mm_HandSolder,161.5,-74.3947,180.0,top
R26,47K,R_0805_2012Metric_Pad1.20x1.40mm_HandSolder,161.5,-71.4447,180.0,top
R3,0.4,R_1206_3216Metric_Pad1.30x1.75mm_HandSolder,135.5,-93.45,-90.0,top
R4,0.4,R_1206_3216Metric_Pad1.30x1.75mm_HandSolder,132.5,-93.45,-90.0,top
R5,0.05,R_1206_3216Metric_Pad1.30x1.75mm_HandSolder,157.45,-104.5,180.0,top
R6,10k,R_1206_3216Metric_Pad1.30x1.75mm_HandSolder,157.45,-101.21,180.0,top
R7,10k,R_1206_3216Metric_Pad1.30x1.75mm_HandSolder,157.45,-97.92,180.0,top
R8,10k,R_1206_3216Metric_Pad1.30x1.75mm_HandSolder,187.45,-93.92,0.0,top
R9,10k,R_1206_3216Metric_Pad1.30x1.75mm_HandSolder,187.45,-97.21,0.0,top
SW1,SW_SPDT,Untitled,166.2,-65.9447,0.0,top
U1,Primary motors,HTSSOP-16-1EP_4.4x5mm_P0.65mm_EP3.4x5mm_Mask2.46x2.31mm,122.25,-85.5,0.0,top
U11,RT9742CGJ5,TSOT-23-5,113.0,-101.0,0.0,top
U12,RT9742CGJ5,TSOT-23-5,116.0,-106.5,0.0,top
U2,auxilliary motors,HTSSOP-16-1EP_4.4x5mm_P0.65mm_EP3.4x5mm_Mask2.46x2.31mm,133.1375,-85.125,0.0,top
U4,XL1509-3.3,SOIC-8_3.9x4.9mm_P1.27mm,169.025,-73.3497,0.0,top
U5,INA219AIDR,SOIC-8_3.9x4.9mm_P1.27mm,150.25,-102.79,180.0,top
U7,XL1509-5.0,SOIC-8_3.9x4.9mm_P1.27mm,133.025,-72.865,0.0,top
U8,TP4056-42-ESOP8,SOIC127P600X175-9N,122.525,-72.865,0.0,top
U9,TPS61088RHLR,TPS61088RHLR,186.315,-79.25,0.0,top
